-14.129510817966809,-12.610866851926733,-13.016728047239761,-10.630934639530125,-9.800954790804463,-5.907297744452254,0.3577017423405733,2.3087276109814234,0.6780997553612347,-6.4353457038944075,-10.120607147588377,-6.111928187713237,-0.0905480167592669,-0.5439598184820462,-8.719141955054925,-12.181606579239244,-14.750625892431263,-16.373775265602276,-17.52673331102801,-18.58548304735133,-19.551367889287476,-20.382051227204173,-21.066544867384547,-21.674802782432575,-22.430325693491902,-22.98950672661546,-23.67190951055201,-24.249270551751238,-24.860378206923095,-25.321012862338165,-25.91938547911366,-26.401216145758454,-26.88783732817728,-27.429505491736478,-27.631021115928547,-27.631021115928547,-27.631021115928547,-27.631021115928547,-27.631021115928547,-27.631021115928547
-14.765760404813298,-13.096157932716016,-13.352625451762675,-10.756681277421702,-9.8712268256076,-5.916596598701055,0.3577761666943181,2.3087211408516026,0.6780560149201219,-6.400953583283593,-9.288403665174036,-6.033923751923799,-0.09094630195194509,-0.5436560963884082,-8.77813402501836,-12.501993601537938,-15.580114595019399,-17.725232053313977,-19.35929222362555,-20.78359253933889,-21.961183819190467,-22.847011285548493,-23.47642562841834,-23.96817007697013,-24.56126780180274,-24.947315108540224,-25.469721732736335,-25.898576685230484,-26.341111309154904,-26.680824085704963,-27.15090697432412,-27.516763727228387,-27.631021115928547,-27.631021115928547,-27.631021115928547,-27.631021115928547,-27.631021115928547,-27.631021115928547,-27.631021115928547,-27.631021115928547
-17.25608006874639,-14.018607730129299,-13.763102882521713,-10.847417109045125,-9.898896701545484,-5.917755544823947,0.35772036007435026,2.3087382288241907,0.6780323064397014,-6.417508820881701,-9.652163603051902,-6.07802654591187,-0.09071420776605181,-0.5438349533450328,-8.741978185961976,-12.28860127317735,-14.952879103383355,-16.59263950549103,-17.69530905762701,-18.661271599546634,-19.51419312603127,-20.22693264584164,-20.787906879794736,-21.27325575944961,-21.897377575023334,-22.308539920577648,-22.875903973883194,-23.332637485784478,-23.80566704876291,-24.170878193912294,-24.664371303898637,-25.05184020178701,-25.468159876661712,-25.94902233427296,-26.332168749958704,-26.853836137330408,-27.34961425233387,-27.631021115928547,-27.631021115928547,-27.631021115928547
-16.160889367093827,-13.767437868380389,-13.66243851331208,-10.82376601432955,-9.88780898585009,-5.916521072343687,0.35771395932145983,2.308738147413879,0.678038856546578,-6.420893378777107,-9.733889574189456,-6.085836208069537,-0.09067393795953631,-0.5438663981552475,-8.735645501946342,-12.25435125715769,-14.87183251490999,-16.478702933913343,-17.564486662153946,-18.525660275300435,-19.38009796232233,-20.097188576721386,-20.66371323521865,-21.154853699461732,-21.78523075409666,-22.20196041035449,-22.77436788899808,-23.23520433334462,-23.71260623198468,-24.08093088538163,-24.577507242727265,-24.96771100381248,-25.386297957678526,-25.869543780187147,-26.254748902553214,-26.778748938585885,-27.27713746182091,-27.631021115928547,-27.631021115928547,-27.631021115928547
-14.54799535559265,-12.945752423797268,-13.262421777201835,-10.731242585820876,-9.861211018726546,-5.915835934169058,0.357782964374804,2.3087181466623616,0.6780628499918065,-6.3995239369676815,-9.259690033096241,-6.0299710063717,-0.09096677649013131,-0.5436411278521811,-8.78091823702877,-12.518112212535705,-15.63220177731353,-17.840160112401822,-19.58294181267454,-21.173032975168553,-22.55031830938784,-23.597566451779073,-24.31171518094632,-24.82190731888351,-25.39468626521739,-25.75734111853533,-26.251708874906992,-26.66250507753776,-27.089685468776523,-27.41862674684169,-27.631021115928547,-27.631021115928547,-27.631021115928547,-27.631021115928547,-27.631021115928547,-27.631021115928547,-27.631021115928547,-27.631021115928547,-27.631021115928547,-27.631021115928547
-14.129510817962556,-12.610866851928249,-13.01672804723618,-10.630934639530917,-9.800954790803972,-5.907297744452241,0.35770174234057717,2.308727610981428,0.6780997553612393,-6.435345703894448,-10.120607147588098,-6.111928187713229,-0.09054801675927225,-0.5439598184820513,-8.719141955054974,-12.181606579238773,-14.750625892432714,-16.373775265602543,-17.52673331102786,-18.585483047349154,-19.551367889292752,-20.382051227197202,-21.06654486739261,-21.67480278242728,-22.430325693488143,-22.98950672662046,-23.67190951054661,-24.249270551778054,-24.86037820690879,-25.321012862268034,-25.91938547917546,-26.401216145715427,-26.887837328185306,-27.42950549175294,-27.631021115928547,-27.631021115928547,-27.631021115928547,-27.631021115928547,-27.631021115928547,-27.631021115928547
-14.765760404814817,-13.096157932715,-13.352625451765155,-10.756681277421594,-9.871226825607438,-5.916596598701101,0.3577761666943268,2.30872114085161,0.6780560149201307,-6.400953583283645,-9.288403665173982,-6.033923751923851,-0.09094630195195506,-0.5436560963884154,-8.77813402501822,-12.501993601538315,-15.58011459501928,-17.725232053310553,-19.359292223631044,-20.783592539320583,-21.96118381921101,-22.847011285532478,-23.476425628398424,-23.96817007700149,-24.56126780183234,-24.947315108518357,-25.469721732768246,-25.898576685275316,-26.341111309187504,-26.680824085683952,-27.150906974375687,-27.51676372707338,-27.631021115928547,-27.631021115928547,-27.631021115928547,-27.631021115928547,-27.631021115928547,-27.631021115928547,-27.631021115928547,-27.631021115928547
-17.256080068763193,-14.018607730128034,-13.76310288252368,-10.847417109044896,-9.898896701545667,-5.91775554482394,0.35772036007435987,2.3087382288241987,0.6780323064397096,-6.417508820881755,-9.652163603051973,-6.078026545911879,-0.09071420776606384,-0.5438349533450466,-8.741978185961912,-12.28860127317755,-14.952879103383099,-16.59263950549334,-17.695309057628084,-18.661271599546524,-19.514193126021265,-20.226932645849747,-20.787906879806354,-21.273255759419378,-21.897377575047777,-22.308539920575722,-22.87590397386418,-23.33263748579924,-23.80566704876432,-24.17087819391746,-24.66437130383718,-25.05184020181392,-25.468159876626892,-25.949022334285804,-26.332168749946735,-26.853836137306583,-27.34961425243424,-27.631021115928547,-27.631021115928547,-27.631021115928547
-16.160889367081378,-13.767437868383482,-13.662438513315392,-10.823766014329292,-9.88780898584972,-5.916521072343705,0.3577139593214628,2.3087381474138815,0.6780388565465798,-6.4208933787771025,-9.73388957418962,-6.085836208069551,-0.09067393795954724,-0.5438663981552606,-8.735645501946445,-12.254351257157749,-14.871832514909668,-16.478702933912764,-17.564486662157808,-18.525660275297994,-19.380097962321663,-20.097188576717205,-20.663713235233967,-21.154853699447617,-21.785230754092513,-22.20196041037713,-22.774367888970332,-23.2352043333338,-23.712606232011474,-24.080930885375395,-24.57750724276192,-24.967711003777563,-25.386297957633438,-25.869543780224394,-26.25474890253375,-26.778748938545817,-27.277137461805598,-27.631021115928547,-27.631021115928547,-27.631021115928547
-14.547995355605124,-12.945752423792957,-13.262421777203683,-10.731242585821555,-9.86121101872605,-5.915835934169096,0.35778296437479223,2.308718146662354,0.6780628499918037,-6.399523936967733,-9.259690033096192,-6.029971006371741,-0.09096677649013314,-0.5436411278521713,-8.78091823702907,-12.518112212535359,-15.632201777312721,-17.840160112416427,-19.58294181265449,-21.17303297519315,-22.550318309349503,-23.597566451819407,-24.311715180925496,-24.821907318852205,-25.394686265332464,-25.757341118605652,-26.251708874620277,-26.66250507744044,-27.089685469012586,-27.41862674656128,-27.631021115928547,-27.631021115928547,-27.631021115928547,-27.631021115928547,-27.631021115928547,-27.631021115928547,-27.631021115928547,-27.631021115928547,-27.631021115928547,-27.631021115928547
-14.129510817972749,-12.610866851924689,-13.016728047239397,-10.630934639530627,-9.800954790804136,-5.907297744452281,0.35770174234056895,2.308727610981416,0.6780997553612236,-6.435345703894414,-10.120607147588496,-6.111928187713207,-0.09054801675927261,-0.5439598184820611,-8.719141955054527,-12.181606579239176,-14.750625892433689,-16.37377526559861,-17.526733311024806,-18.585483047355453,-19.551367889291658,-20.382051227184256,-21.06654486740578,-21.674802782417963,-22.430325693509324,-22.98950672657205,-23.67190951061298,-24.249270551710755,-24.860378207004675,-25.32101286221215,-25.91938547924674,-26.40121614581112,-26.887837328055024,-27.42950549185168,-27.631021115928547,-27.631021115928547,-27.631021115928547,-27.631021115928547,-27.631021115928547,-27.631021115928547
-14.76576040482357,-13.096157932713579,-13.352625451764462,-10.756681277421471,-9.87122682560756,-5.916596598701048,0.35777616669431006,2.3087211408515964,0.6780560149201167,-6.400953583283622,-9.288403665174103,-6.033923751923867,-0.09094630195195458,-0.5436560963884118,-8.778134025018256,-12.501993601538608,-15.580114595016173,-17.72523205332354,-19.35929222361713,-20.783592539352785,-21.961183819173563,-22.847011285552483,-23.476425628388572,-23.968170076979607,-24.561267801905917,-24.947315108448265,-25.46972173277331,-25.898576685150168,-26.34111130926337,-26.680824085936393,-27.150906974069475,-27.516763726948362,-27.631021115928547,-27.631021115928547,-27.631021115928547,-27.631021115928547,-27.631021115928547,-27.631021115928547,-27.631021115928547,-27.631021115928547
-17.256080068826382,-14.018607730123824,-13.763102882526002,-10.84741710904473,-9.89889670154597,-5.917755544823988,0.35772036007434854,2.3087382288241862,0.6780323064396943,-6.417508820881649,-9.652163603051637,-6.078026545911788,-0.09071420776605181,-0.5438349533450411,-8.74197818596197,-12.288601273176985,-14.95287910338244,-16.592639505493025,-17.695309057627238,-18.661271599545884,-19.51419312603792,-20.226932645835266,-20.78790687979987,-21.273255759418596,-21.897377575075907,-22.30853992054034,-22.87590397390044,-23.33263748579189,-23.805667048749314,-24.170878193895305,-24.664371303928778,-25.051840201803,-25.468159876598392,-25.949022334387475,-26.332168749960186,-26.853836137176298,-27.349614252456096,-27.631021115928547,-27.631021115928547,-27.631021115928547
-16.160889367056114,-13.767437868387727,-13.66243851331302,-10.823766014328966,-9.887808985850178,-5.916521072343618,0.357713959321453,2.3087381474138757,0.6780388565465784,-6.420893378777194,-9.733889574189368,-6.085836208069605,-0.0906739379595419,-0.5438663981552454,-8.73564550194672,-12.254351257157762,-14.871832514909597,-16.478702933913244,-17.56448666215664,-18.525660275296104,-19.380097962319383,-20.097188576735885,-20.663713235216747,-21.154853699442295,-21.785230754124303,-22.201960410345784,-22.774367888995492,-23.235204333417755,-23.71260623187242,-24.080930885424042,-24.577507242693606,-24.96771100395302,-25.386297957577348,-25.86954378026513,-26.25474890237329,-26.778748938735337,-27.277137461865333,-27.631021115928547,-27.631021115928547,-27.631021115928547
-14.5479953555921,-12.945752423797764,-13.262421777197142,-10.73124258582188,-9.861211018725802,-5.915835934169024,0.35778296437480245,2.3087181466623594,0.6780628499918052,-6.399523936967757,-9.25969003309651,-6.029971006371689,-0.09096677649012196,-0.5436411278521723,-8.780918237028901,-12.518112212536023,-15.632201777316752,-17.840160112404458,-19.582941812673656,-21.173032975162123,-22.550318309414408,-23.597566451777165,-24.311715180937988,-24.821907318881358,-25.39468626534453,-25.757341118359772,-26.251708875014295,-26.662505077572842,-27.089685468711902,-27.418626746988064,-27.631021115928547,-27.631021115928547,-27.631021115928547,-27.631021115928547,-27.631021115928547,-27.631021115928547,-27.631021115928547,-27.631021115928547,-27.631021115928547,-27.631021115928547
-14.129510817969923,-12.610866851924998,-13.016728047245314,-10.630934639529748,-9.800954790804393,-5.907297744452288,0.357701742340573,2.3087276109814217,0.6780997553612322,-6.435345703894405,-10.120607147588093,-6.111928187713211,-0.09054801675926168,-0.5439598184820441,-8.719141955054893,-12.181606579239483,-14.750625892430458,-16.3737752656037,-17.52673331102489,-18.58548304735234,-19.55136788928807,-20.382051227209942,-21.066544867375992,-21.674802782435695,-22.430325693501363,-22.989506726637934,-23.671909510577773,-24.249270551643825,-24.86037820700413,-25.321012862367617,-25.91938547893535,-26.40121614604753,-26.887837328057024,-27.42950549177291,-27.631021115928547,-27.631021115928547,-27.631021115928547,-27.631021115928547,-27.631021115928547,-27.631021115928547
-14.765760404824634,-13.096157932710382,-13.352625451770049,-10.756681277421782,-9.87122682560744,-5.9165965987010996,0.35777616669430895,2.3087211408515977,0.6780560149201197,-6.400953583283597,-9.288403665173904,-6.033923751923848,-0.09094630195194789,-0.5436560963884007,-8.778134025018595,-12.501993601537473,-15.580114595018637,-17.725232053319846,-19.359292223614283,-20.783592539347556,-21.961183819167555,-22.847011285598885,-23.47642562837222,-23.968170077004263,-24.56126780175777,-24.947315108605675,-25.469721732613372,-25.898576685206393,-26.341111309634496,-26.680824085198047,-27.150906974534575,-27.516763727300326,-27.631021115928547,-27.631021115928547,-27.631021115928547,-27.631021115928547,-27.631021115928547,-27.631021115928547,-27.631021115928547,-27.631021115928547
-17.256080068773855,-14.018607730121937,-13.763102882534834,-10.847417109043915,-9.898896701546068,-5.917755544823939,0.35772036007434793,2.308738228824187,0.6780323064396985,-6.417508820881782,-9.652163603052028,-6.078026545911915,-0.09071420776606057,-0.5438349533450315,-8.7419781859621,-12.2886012731771,-14.952879103378818,-16.5926395055005,-17.69530905762522,-18.661271599552805,-19.51419312601857,-20.226932645837387,-20.787906879817623,-21.273255759418248,-21.89737757503734,-22.308539920570208,-22.875903973875502,-23.33263748585254,-23.80566704872166,-24.17087819386707,-24.66437130387304,-25.0518402017432,-25.46815987661625,-25.94902233445559,-26.332168749654898,-26.853836137475213,-27.34961425232704,-27.631021115928547,-27.631021115928547,-27.631021115928547
-16.160889367121758,-13.767437868374316,-13.662438513322245,-10.823766014329019,-9.887808985849704,-5.916521072343644,0.3577139593214569,2.308738147413872,0.6780388565465667,-6.420893378777144,-9.73388957418964,-6.085836208069494,-0.09067393795956293,-0.543866398155304,-8.735645501945761,-12.2543512571589,-14.871832514907732,-16.478702933919298,-17.56448666214952,-18.525660275289077,-19.380097962332613,-20.09718857673275,-20.66371323523289,-21.15485369943501,-21.785230754118707,-22.201960410344547,-22.77436788899397,-23.235204333309238,-23.712606232076723,-24.080930885374567,-24.577507242472116,-24.96771100417666,-25.386297957412918,-25.86954378015746,-26.254748903275217,-26.778748937867256,-27.27713746196191,-27.631021115928547,-27.631021115928547,-27.631021115928547
-14.547995355593928,-12.945752423796103,-13.26242177720357,-10.731242585821423,-9.861211018726255,-5.915835934169121,0.3577829643747997,2.308718146662359,0.6780628499918058,-6.399523936967663,-9.259690033096163,-6.029971006371673,-0.0909667764901155,-0.5436411278521572,-8.78091823702881,-12.518112212534662,-15.632201777314506,-17.84016011240295,-19.582941812662803,-21.173032975181265,-22.55031830936343,-23.597566451730255,-24.311715180986305,-24.821907318774162,-25.39468626570741,-25.757341118033377,-26.251708875246784,-26.66250507715393,-27.089685468937684,-27.41862674704851,-27.631021115928547,-27.631021115928547,-27.631021115928547,-27.631021115928547,-27.631021115928547,-27.631021115928547,-27.631021115928547,-27.631021115928547,-27.631021115928547,-27.631021115928547
-14.129510817943899,-12.61086685193381,-13.016728047239017,-10.630934639529997,-9.800954790804209,-5.907297744452265,0.3577017423405699,2.308727610981424,0.678099755361241,-6.4353457038944475,-10.120607147588323,-6.111928187713365,-0.09054801675926033,-0.5439598184820108,-8.71914195505529,-12.181606579239459,-14.750625892431817,-16.373775265598773,-17.526733311032974,-18.58548304734657,-19.55136788928967,-20.382051227214184,-21.066544867397553,-21.674802782410076,-22.430325693511488,-22.989506726574245,-23.671909510578235,-24.249270551787987,-24.860378206861025,-25.321012862313562,-25.91938547909195,-26.40121614589029,-26.887837328125837,-27.42950549148559,-27.631021115928547,-27.631021115928547,-27.631021115928547,-27.631021115928547,-27.631021115928547,-27.631021115928547
-14.765760404781664,-13.096157932723212,-13.352625451759243,-10.756681277422535,-9.871226825606723,-5.916596598701072,0.35777616669431767,2.308721140851597,0.678056014920109,-6.400953583283572,-9.288403665174258,-6.033923751923766,-0.09094630195197817,-0.5436560963884823,-8.778134025017582,-12.501993601539253,-15.580114595018912,-17.725232053319306,-19.359292223627147,-20.78359253936781,-21.961183819137464,-22.847011285536258,-23.476425628492468,-23.968170076980975,-24.561267801739387,-24.947315108538987,-25.469721732769298,-25.898576685358552,-26.341111308783958,-26.680824086283387,-27.150906973801906,-27.51676372710272,-27.631021115928547,-27.631021115928547,-27.631021115928547,-27.631021115928547,-27.631021115928547,-27.631021115928547,-27.631021115928547,-27.631021115928547
-17.25608006873431,-14.018607730126442,-13.763102882531422,-10.847417109044594,-9.898896701545711,-5.917755544823943,0.35772036007434715,2.3087382288241898,0.6780323064397065,-6.417508820881806,-9.652163603051642,-6.078026545911916,-0.09071420776604124,-0.5438349533449953,-8.741978185962497,-12.288601273176267,-14.952879103381928,-16.592639505498912,-17.695309057620065,-18.661271599536907,-19.51419312603562,-20.22693264585079,-20.787906879816244,-21.27325575937763,-21.89737757514687,-22.30853992044825,-22.875903973962636,-23.332637485839253,-23.805667048671907,-24.170878193951957,-24.664371303838823,-25.05184020185913,-25.468159876730887,-25.94902233411645,-26.332168749824483,-26.85383613750468,-27.349614252386342,-27.631021115928547,-27.631021115928547,-27.631021115928547
-16.160889367047982,-13.767437868387178,-13.662438513313285,-10.82376601432974,-9.887808985849384,-5.916521072343675,0.35771395932145145,2.308738147413875,0.678038856546575,-6.420893378777082,-9.733889574189547,-6.085836208069567,-0.090673937959538,-0.5438663981552381,-8.735645501946612,-12.254351257158493,-14.871832514909881,-16.47870293391808,-17.56448666214323,-18.525660275309274,-19.38009796230619,-20.0971885767281,-20.663713235243357,-21.154853699399634,-21.78523075417842,-22.20196041029735,-22.774367889045088,-23.235204333327886,-23.71260623193983,-24.0809308854741,-24.57750724272385,-24.967711003902508,-25.38629795763226,-25.869543779849476,-26.254748902906474,-26.77874893849625,-27.277137462094025,-27.631021115928547,-27.631021115928547,-27.631021115928547
-14.54799535557898,-12.945752423801268,-13.262421777197899,-10.731242585821542,-9.86121101872623,-5.915835934169155,0.3577829643748102,2.3087181466623603,0.6780628499918009,-6.399523936967702,-9.259690033096227,-6.029971006371654,-0.0909667764901537,-0.5436411278522306,-8.780918237028272,-12.518112212535971,-15.632201777311122,-17.84016011240902,-19.58294181271586,-21.173032975075206,-22.55031830940602,-23.597566451636933,-24.311715181128303,-24.821907318926126,-25.39468626517297,-25.757341118300857,-26.251708875253755,-26.662505077113945,-27.08968546929934,-27.41862674645504,-27.631021115928547,-27.631021115928547,-27.631021115928547,-27.631021115928547,-27.631021115928547,-27.631021115928547,-27.631021115928547,-27.631021115928547,-27.631021115928547,-27.631021115928547
-14.129510817967633,-12.610866851927279,-13.016728047235626,-10.630934639530754,-9.80095479080405,-5.907297744452264,0.35770174234057656,2.308727610981427,0.6780997553612387,-6.435345703894477,-10.120607147587869,-6.1119281877131995,-0.09054801675924612,-0.5439598184820087,-8.71914195505541,-12.181606579236917,-14.75062589243547,-16.373775265601626,-17.526733311026014,-18.58548304735451,-19.551367889288287,-20.382051227210884,-21.066544867388057,-21.674802782469197,-22.430325693440082,-22.989506726557075,-23.671909510637512,-24.24927055167327,-24.86037820692225,-25.32101286236017,-25.919385479154176,-26.401216145783888,-26.88783732773304,-27.429505492549414,-27.631021115928547,-27.631021115928547,-27.631021115928547,-27.631021115928547,-27.631021115928547,-27.631021115928547
-14.7657604048215,-13.096157932715004,-13.35262545175631,-10.75668127742252,-9.871226825607541,-5.91659659870111,0.35777616669431905,2.308721140851605,0.6780560149201258,-6.400953583283551,-9.288403665174236,-6.033923751923836,-0.0909463019519547,-0.5436560963884195,-8.778134025017959,-12.501993601538567,-15.580114595027698,-17.72523205332074,-19.35929222358746,-20.78359253937022,-21.961183819153142,-22.847011285834967,-23.476425628035248,-23.968170077427093,-24.561267801302613,-24.947315108389695,-25.469721733305256,-25.89857668497019,-26.34111130878877,-26.680824086269396,-27.15090697380606,-27.51676372750767,-27.631021115928547,-27.631021115928547,-27.631021115928547,-27.631021115928547,-27.631021115928547,-27.631021115928547,-27.631021115928547,-27.631021115928547
-17.256080068748243,-14.018607730132741,-13.763102882519659,-10.847417109044821,-9.898896701545958,-5.917755544823981,0.35772036007435193,2.3087382288241924,0.6780323064397017,-6.417508820881647,-9.652163603051662,-6.078026545911867,-0.09071420776607199,-0.5438349533450657,-8.741978185961573,-12.288601273176551,-14.952879103382573,-16.59263950549117,-17.69530905764661,-18.66127159951342,-19.514193126042734,-20.226932645824164,-20.787906879838275,-21.273255759336323,-21.89737757518444,-22.30853992054041,-22.87590397387595,-23.332637485813827,-23.805667048678423,-24.17087819389998,-24.664371303995964,-25.051840201588607,-25.468159877025347,-25.949022334003804,-26.33216874986551,-26.853836137593525,-27.349614252392822,-27.631021115928547,-27.631021115928547,-27.631021115928547
-16.16088936707489,-13.767437868385201,-13.662438513306414,-10.82376601433006,-9.887808985849675,-5.9165210723435875,0.35771395932146155,2.3087381474138824,0.6780388565465844,-6.420893378777168,-9.733889574189941,-6.085836208069521,-0.0906739379595205,-0.5438663981552163,-8.73564550194683,-12.254351257158396,-14.871832514910746,-16.47870293391809,-17.56448666214426,-18.52566027530489,-19.380097962315133,-20.09718857679089,-20.66371323516906,-21.15485369940536,-21.785230754154465,-22.20196041036517,-22.774367888996434,-23.235204333340178,-23.71260623201114,-24.080930885372698,-24.577507242820296,-24.967711003438893,-25.38629795814005,-25.869543780058464,-26.254748902541262,-26.778748938657813,-27.277137461740235,-27.631021115928547,-27.631021115928547,-27.631021115928547
-14.547995355603545,-12.945752423793719,-13.262421777205873,-10.731242585820944,-9.861211018725866,-5.915835934169029,0.3577829643748048,2.308718146662363,0.6780628499918087,-6.399523936967788,-9.25969003309595,-6.029971006371801,-0.0909667764901498,-0.5436411278522033,-8.780918237028567,-12.518112212538535,-15.632201777306872,-17.840160112408817,-19.582941812650603,-21.17303297521725,-22.55031830939291,-23.597566451567435,-24.31171518115171,-24.82190731900126,-25.394686265436007,-25.757341118245506,-26.25170887494824,-26.662505077256032,-27.0896854690438,-27.41862674701918,-27.631021115928547,-27.631021115928547,-27.631021115928547,-27.631021115928547,-27.631021115928547,-27.631021115928547,-27.631021115928547,-27.631021115928547,-27.631021115928547,-27.631021115928547
-14.129510817977863,-12.610866851923264,-13.016728047241527,-10.630934639530492,-9.800954790804418,-5.907297744452333,0.3577017423405803,2.3087276109814256,0.6780997553612306,-6.435345703894273,-10.120607147588487,-6.111928187713138,-0.09054801675926678,-0.5439598184820584,-8.719141955054958,-12.181606579237648,-14.750625892428538,-16.373775265599118,-17.526733311051675,-18.585483047314103,-19.55136788927921,-20.382051227276225,-21.06654486730111,-21.674802782542972,-22.43032569332321,-22.98950672667508,-23.671909510588698,-24.249270551529023,-24.86037820729789,-25.32101286212583,-25.91938547921307,-26.401216145882593,-26.887837327770008,-27.42950549193096,-27.631021115928547,-27.631021115928547,-27.631021115928547,-27.631021115928547,-27.631021115928547,-27.631021115928547
-14.765760404825338,-13.096157932712394,-13.352625451765624,-10.756681277421647,-9.871226825607177,-5.916596598701108,0.3577761666943169,2.308721140851605,0.6780560149201306,-6.400953583283678,-9.288403665173758,-6.033923751923928,-0.0909463019519423,-0.5436560963883753,-8.778134025018634,-12.501993601540088,-15.580114595011379,-17.72523205332081,-19.359292223598874,-20.783592539393066,-21.961183819131612,-22.84701128549326,-23.47642562840593,-23.96817007717275,-24.561267801830212,-24.94731510820291,-25.469721732778158,-25.89857668566177,-26.341111308721313,-26.680824085875713,-27.150906974072456,-27.516763727217306,-27.631021115928547,-27.631021115928547,-27.631021115928547,-27.631021115928547,-27.631021115928547,-27.631021115928547,-27.631021115928547,-27.631021115928547
-17.25608006877169,-14.018607730129705,-13.763102882518407,-10.847417109045251,-9.898896701545643,-5.9177555448239385,0.3577203600743544,2.3087382288241916,0.6780323064396987,-6.417508820881683,-9.652163603052063,-6.0780265459118565,-0.09071420776607042,-0.5438349533450735,-8.741978185961623,-12.288601273176456,-14.952879103385985,-16.59263950549052,-17.695309057624858,-18.661271599548826,-19.514193126016316,-20.22693264592144,-20.78790687973861,-21.273255759372,-21.897377575121705,-22.308539920554413,-22.875903973901238,-23.332637485816857,-23.8056670487015,-24.17087819384294,-24.664371303989636,-25.051840201647007,-25.4681598770621,-25.94902233392035,-26.33216874996449,-26.85383613726533,-27.349614252474577,-27.631021115928547,-27.631021115928547,-27.631021115928547
-16.16088936707887,-13.767437868385102,-13.662438513306045,-10.82376601432982,-9.887808985849992,-5.916521072343652,0.3577139593214631,2.3087381474138833,0.678038856546584,-6.420893378777111,-9.73388957418947,-6.0858362080695345,-0.09067393795953874,-0.5438663981552478,-8.735645501946681,-12.25435125715603,-14.87183251491291,-16.478702933911997,-17.56448666217182,-18.525660275283627,-19.38009796231106,-20.097188576746422,-20.663713235222005,-21.15485369938059,-21.785230754215558,-22.2019604102968,-22.774367889072675,-23.235204333260686,-23.71260623197914,-24.08093088544508,-24.577507242767876,-24.967711003649157,-25.386297958103107,-25.869543779747598,-26.254748902764774,-26.778748938570416,-27.277137461688785,-27.631021115928547,-27.631021115928547,-27.631021115928547
-14.547995355611727,-12.945752423792488,-13.262421777196634,-10.731242585822281,-9.861211018726067,-5.915835934169031,0.35778296437480045,2.3087181466623643,0.6780628499918134,-6.399523936967634,-9.259690033096437,-6.029971006371786,-0.09096677649012755,-0.5436411278521581,-8.78091823702892,-12.518112212536211,-15.632201777322837,-17.84016011241066,-19.582941812638538,-21.17303297519234,-22.550318309331978,-23.597566452148747,-24.3117151804948,-24.821907319441923,-25.39468626485727,-25.757341117991743,-26.25170887585835,-26.66250507700358,-27.089685468313174,-27.418626747599838,-27.631021115928547,-27.631021115928547,-27.631021115928547,-27.631021115928547,-27.631021115928547,-27.631021115928547,-27.631021115928547,-27.631021115928547,-27.631021115928547,-27.631021115928547
-14.129510817962407,-12.610866851926035,-13.016728047240031,-10.630934639531533,-9.800954790803168,-5.907297744452444,0.3577017423405778,2.308727610981425,0.6780997553612331,-6.435345703894293,-10.120607147588096,-6.111928187713152,-0.09054801675927432,-0.5439598184820772,-8.719141955053942,-12.181606579238462,-14.75062589243414,-16.373775265613958,-17.526733311007312,-18.585483047354945,-19.55136788929983,-20.38205122720988,-21.06654486737312,-21.67480278246844,-22.430325693416115,-22.98950672668296,-23.671909510426723,-24.249270551800457,-24.86037820689922,-25.321012862066432,-25.919385479604063,-26.401216145770874,-26.887837327408572,-27.429505492455984,-27.631021115928547,-27.631021115928547,-27.631021115928547,-27.631021115928547,-27.631021115928547,-27.631021115928547
-14.765760404861178,-13.096157932704749,-13.352625451776353,-10.756681277420345,-9.87122682560799,-5.916596598701221,0.3577761666943099,2.3087211408516066,0.6780560149201571,-6.40095358328399,-9.288403665174224,-6.0339237519239,-0.09094630195197488,-0.5436560963884423,-8.77813402501758,-12.501993601539123,-15.580114595017886,-17.725232053314905,-19.35929222364899,-20.783592539271865,-21.961183819253673,-22.847011285341274,-23.47642562850222,-23.968170077363904,-24.56126780148531,-24.947315108564005,-25.469721732580794,-25.898576685718474,-26.341111308640343,-26.680824085983282,-27.150906973633543,-27.51676372903058,-27.631021115928547,-27.631021115928547,-27.631021115928547,-27.631021115928547,-27.631021115928547,-27.631021115928547,-27.631021115928547,-27.631021115928547
-17.256080069227984,-14.018607730094363,-13.763102882535067,-10.847417109043999,-9.898896701546231,-5.91775554482405,0.3577203600743343,2.3087382288241542,0.6780323064396413,-6.4175088208817375,-9.652163603051166,-6.078026545911885,-0.09071420776605522,-0.5438349533450274,-8.741978185962381,-12.28860127317688,-14.952879103374446,-16.592639505514384,-17.695309057611787,-18.66127159953513,-19.514193126032087,-20.226932645920435,-20.787906879759973,-21.27325575933994,-21.897377575129905,-22.308539920644282,-22.875903973699543,-23.332637485925954,-23.805667048736325,-24.170878193901537,-24.664371303851915,-25.05184020205964,-25.46815987603579,-25.949022334863876,-26.332168749637443,-26.853836137367818,-27.349614252180977,-27.631021115928547,-27.631021115928547,-27.631021115928547
-16.160889367291073,-13.76743786835496,-13.662438513318891,-10.82376601432905,-9.887808985850029,-5.9165210723436905,0.3577139593214395,2.3087381474138358,0.6780388565465046,-6.420893378777063,-9.733889574189588,-6.085836208069567,-0.09067393795952974,-0.5438663981552275,-8.735645501946774,-12.254351257158492,-14.8718325149021,-16.47870293391703,-17.564486662160053,-18.52566027529372,-19.38009796234573,-20.097188576684584,-20.663713235250498,-21.15485369938263,-21.78523075420753,-22.201960410336937,-22.77436788898206,-23.23520433335494,-23.71260623205811,-24.080930885294716,-24.577507242660417,-24.967711004015786,-25.386297957323134,-25.86954378053535,-26.2547489029086,-26.77874893813951,-27.277137461681633,-27.631021115928547,-27.631021115928547,-27.631021115928547
-14.547995355567705,-12.945752423804,-13.262421777206352,-10.731242585820457,-9.861211018726078,-5.9158359341689835,0.35778296437480445,2.308718146662361,0.6780628499918013,-6.399523936967697,-9.259690033096057,-6.029971006371677,-0.09096677649013679,-0.5436411278522054,-8.780918237028635,-12.518112212537389,-15.632201777315792,-17.84016011238925,-19.58294181262957,-21.17303297522187,-22.550318309422067,-23.59756645199016,-24.311715180790248,-24.82190731909494,-25.394686264783456,-25.75734111897397,-26.251708874533975,-26.66250507763144,-27.089685468446802,-27.4186267468125,-27.631021115928547,-27.631021115928547,-27.631021115928547,-27.631021115928547,-27.631021115928547,-27.631021115928547,-27.631021115928547,-27.631021115928547,-27.631021115928547,-27.631021115928547
-14.129510817885244,-12.61086685194699,-13.0167280472417,-10.630934639529587,-9.800954790804715,-5.907297744452223,0.3577017423405984,2.3087276109814745,0.6780997553613239,-6.435345703894532,-10.120607147589194,-6.111928187713308,-0.09054801675926678,-0.5439598184820301,-8.719141955054964,-12.18160657923921,-14.75062589242448,-16.373775265629416,-17.52673331100481,-18.58548304735671,-19.551367889339506,-20.382051227101517,-21.066544867464742,-21.674802782492776,-22.430325693364562,-22.989506726713806,-23.671909510427643,-24.249270551894103,-24.86037820672456,-25.321012862538645,-25.91938547873469,-26.40121614573262,-26.887837328782,-27.429505492047536,-27.631021115928547,-27.631021115928547,-27.631021115928547,-27.631021115928547,-27.631021115928547,-27.631021115928547
-14.765760404864231,-13.09615793270643,-13.35262545176741,-10.756681277421507,-9.871226825607767,-5.916596598701055,0.3577761666943363,2.3087211408516426,0.678056014920186,-6.400953583283577,-9.288403665173307,-6.033923751923721,-0.09094630195193767,-0.5436560963884013,-8.77813402501798,-12.501993601539281,-15.58011459503172,-17.725232053254942,-19.359292223677965,-20.78359253918534,-21.961183819465234,-22.847011285253387,-23.476425628454813,-23.968170077257334,-24.561267801574967,-24.947315108359142,-25.46972173327138,-25.898576684927292,-26.341111308939357,-26.68082408518019,-27.150906975725757,-27.516763726768737,-27.631021115928547,-27.631021115928547,-27.631021115928547,-27.631021115928547,-27.631021115928547,-27.631021115928547,-27.631021115928547,-27.631021115928547
-17.25608006918647,-14.018607730094322,-13.76310288252241,-10.847417109045763,-9.898896701544631,-5.917755544823933,0.35772036007435104,2.308738228824181,0.6780323064396836,-6.417508820881794,-9.652163603052067,-6.0780265459119365,-0.09071420776608537,-0.5438349533450818,-8.7419781859618,-12.288601273175695,-14.952879103379235,-16.59263950552736,-17.695309057598262,-18.661271599567844,-19.51419312602883,-20.226932645823556,-20.78790687984106,-21.273255759339012,-21.897377575159663,-22.308539920503282,-22.87590397400556,-23.332637485699053,-23.805667048678973,-24.170878194164374,-24.664371303460154,-25.05184020218116,-25.46815987618361,-25.94902233444253,-26.33216875046914,-26.853836136925015,-27.34961425246556,-27.631021115928547,-27.631021115928547,-27.631021115928547
-16.160889367294278,-13.767437868358776,-13.66243851332373,-10.823766014328395,-9.887808985850414,-5.916521072343606,0.3577139593214316,2.3087381474138273,0.6780388565464928,-6.420893378777101,-9.733889574189547,-6.08583620806954,-0.09067393795953545,-0.5438663981552356,-8.73564550194655,-12.254351257156955,-14.87183251491808,-16.478702933908544,-17.564486662140727,-18.525660275302645,-19.38009796236196,-20.09718857668836,-20.663713235240365,-21.154853699440142,-21.7852307540983,-22.201960410376316,-22.774367889061395,-23.23520433333022,-23.712606231944086,-24.080930885353492,-24.577507242807926,-24.967711003846855,-25.3862979574631,-25.869543780423623,-26.254748902442493,-26.778748938680675,-27.277137461727854,-27.631021115928547,-27.631021115928547,-27.631021115928547
-14.547995355532988,-12.945752423810228,-13.262421777201737,-10.731242585822056,-9.86121101872589,-5.915835934169145,0.35778296437479234,2.3087181466623314,0.6780628499917545,-6.3995239369677135,-9.259690033095985,-6.029971006371619,-0.09096677649011746,-0.543641127852166,-8.78091823702884,-12.518112212536394,-15.632201777316807,-17.840160112420282,-19.582941812692223,-21.173032975110402,-22.550318309398982,-23.597566451626854,-24.3117151807073,-24.82190731944997,-25.39468626489145,-25.757341118857116,-26.251708874267305,-26.662505078200187,-27.08968546797525,-27.418626747428505,-27.631021115928547,-27.631021115928547,-27.631021115928547,-27.631021115928547,-27.631021115928547,-27.631021115928547,-27.631021115928547,-27.631021115928547,-27.631021115928547,-27.631021115928547
-14.129510817920682,-12.610866851938503,-13.016728047244456,-10.630934639529448,-9.800954790804408,-5.907297744452256,0.35770174234058605,2.3087276109814505,0.6780997553612805,-6.435345703894487,-10.120607147588212,-6.111928187713293,-0.09054801675928209,-0.5439598184820719,-8.719141955055056,-12.181606579237238,-14.75062589242235,-16.373775265624186,-17.526733310998324,-18.585483047357766,-19.551367889338817,-20.382051227110654,-21.06654486741406,-21.674802782572403,-22.43032569323868,-22.989506726874435,-23.67190951031137,-24.249270551848113,-24.860378206894556,-25.32101286214234,-25.919385479420505,-26.401216145592265,-26.887837328525883,-27.42950549053179,-27.631021115928547,-27.631021115928547,-27.631021115928547,-27.631021115928547,-27.631021115928547,-27.631021115928547
-14.765760404908894,-13.096157932693535,-13.352625451771539,-10.756681277421324,-9.871226825607273,-5.916596598701084,0.35777616669434714,2.30872114085166,0.6780560149202205,-6.400953583283746,-9.288403665174291,-6.033923751923772,-0.09094630195193026,-0.5436560963883745,-8.77813402501882,-12.501993601539729,-15.58011459502553,-17.725232053277058,-19.359292223583957,-20.78359253933915,-21.961183819295105,-22.84701128573839,-23.476425628155972,-23.968170077209397,-24.561267801418648,-24.94731510887293,-25.469721732519467,-25.898576685132678,-26.34111130943719,-26.680824085182444,-27.150906974651136,-27.516763727898404,-27.631021115928547,-27.631021115928547,-27.631021115928547,-27.631021115928547,-27.631021115928547,-27.631021115928547,-27.631021115928547,-27.631021115928547
-17.256080068998283,-14.018607730099298,-13.763102882544972,-10.847417109043182,-9.898896701546173,-5.91775554482394,0.35772036007436575,2.3087382288242138,0.6780323064397368,-6.417508820881724,-9.6521636030527,-6.078026545911873,-0.09071420776607053,-0.5438349533450684,-8.74197818596153,-12.288601273179438,-14.952879103367385,-16.592639505516644,-17.69530905762409,-18.661271599565033,-19.514193126015673,-20.226932645772838,-20.787906879899147,-21.27325575934849,-21.897377575104795,-22.308539920603955,-22.875903973909946,-23.332637485655834,-23.80566704881214,-24.17087819407433,-24.664371303770245,-25.05184020183654,-25.468159876415438,-25.949022334698615,-26.332168749598132,-26.853836137722176,-27.349614252539922,-27.631021115928547,-27.631021115928547,-27.631021115928547
-7.785962332559623,-7.290375852554751,-6.774501540426205,-6.300736284796921,-5.553627896001495,-4.3427261488148705,0.4084932929222408,2.2594780663114924,0.8024214185068995,-2.9256852688224657,-3.4697207110882484,-3.7186639851500316,-0.07233008085321657,-0.5691133643339104,-5.987025657500696,-5.564562478703877,-5.0648894956475665,-5.371062946486683,-6.516694045233766,-7.805917122351759,-8.695748864824871,-9.347180984592834,-9.798143832613219,-10.191948030744499,-10.563882295458463,-10.895706053287984,-11.21177286940117,-11.548311388170612,-11.804033070207554,-11.977620002067873,-12.256943173291225,-12.411661929438791,-12.598427875167337,-12.775675655124884,-12.884932254042784,-13.023716855983377,-13.100413770506455,-13.15760691952014,-13.220597620604023,-13.21841045907838
-5.775791274734184,-5.29509638690222,-4.772976201156788,-4.357636098894738,-3.6520308912760227,-2.4095746268313443,-0.6241124184414957,0.2142302387968052,0.2542147438480432,0.870721530308532,1.862950927133599,0.3732764655541221,-1.4458642424060664,-2.216342001379435,-3.840014111143591,-3.2241398282194496,-0.34259704254994006,-1.0759630450140436,-4.6084610000537465,-5.837471954860593,-6.732031738367753,-7.385090074697037,-7.836407120749681,-8.228624631375716,-8.60048867601797,-8.932178314344034,-9.248133589122647,-9.58455214407636,-9.840225753236552,-10.014024760289233,-10.292975392933522,-10.447878731713521,-10.634499108847224,-10.811813910343156,-10.921044658428775,-11.059771883596943,-11.136478598654161,-11.19367179172771,-11.256649834198933,-11.25445495970802
-16.24869670828438,-17.48834353001454,-14.943978460690987,-15.157897755627586,-13.930183543896412,-13.055575550863496,-12.156157850273585,-10.01589820639697,-6.321262275633254,0.27209363808870424,2.3735060431958557,0.3482243415278653,-8.743723513044582,-11.238514793777922,-12.176555403426638,-6.8641134064579585,0.029891739987958906,-0.7660685446731248,-10.661978937992115,-14.397641077521984,-16.69924439642299,-18.308346564215523,-19.50528838406903,-20.496720902238764,-21.4716245525058,-22.27906163144065,-23.044605900435815,-23.78637104578332,-24.444375249604235,-24.983241739597126,-25.63965967116621,-26.163407124980885,-26.712686850247074,-27.251271285191745,-27.631021115928547,-27.631021115928547,-27.631021115928547,-27.631021115928547,-27.631021115928547,-27.631021115928547
-16.461281251973098,-17.648520105581703,-15.09613336480628,-15.261356035647308,-13.984360492481034,-13.088981513732174,-12.166032394420036,-10.021657899405849,-6.3214977231555025,0.27210745917964496,2.3735030524382,0.34823630914515735,-8.74638548956988,-11.24542692704132,-12.19328824849844,-6.865920491048313,0.029900952654733234,-0.76608088485075,-10.663855914170725,-14.393231762442353,-16.68575899432549,-18.278770479060622,-19.45434294178901,-20.417166996942715,-21.34925553517302,-22.153073862441087,-22.85586511861359,-23.571058995093914,-24.193429921219263,-24.68425493032924,-25.297577273072463,-25.780884078381472,-26.29367523716209,-26.801836219692014,-27.26555087018191,-27.631021115928547,-27.631021115928547,-27.631021115928547,-27.631021115928547,-27.631021115928547
-17.67660674229587,-18.411409160912445,-15.815217833656211,-15.604283913477325,-14.212696211539091,-13.175398130573102,-12.223755684615472,-10.035995143736308,-6.323797689652872,0.27203162638873707,2.373521828633073,0.34816100615254625,-8.726631901975535,-11.200211980359695,-12.103888262907889,-6.858509426526528,0.029863737916530762,-0.7660310068693512,-10.655131185588365,-14.403308062348499,-16.70586181558886,-18.30849847184536,-19.477238738039333,-20.443356942527366,-21.331577460923697,-21.967646912682355,-22.66872432466446,-23.296200140570676,-23.792954859914584,-24.252336599165027,-24.79911371301106,-25.22056704880304,-25.700050231234567,-26.161418512112615,-26.60390246663267,-27.099872458838323,-27.615773115111484,-27.631021115928547,-27.631021115928547,-27.631021115928547
-18.769429422713504,-19.082480845740275,-16.05376621815444,-15.823905157310486,-14.221486603238091,-13.229336623085251,-12.208768573629003,-10.043799511772974,-6.322830033547279,0.2721280274879934,2.3734995423433687,0.34824856455779607,-8.747344930072178,-11.249724036439487,-12.214473281423787,-6.869103990575572,0.0299161249908394,-0.7661012762219357,-10.666356350247664,-14.377283246175498,-16.636159033259915,-18.172919914471912,-19.275972806038762,-20.150318754283948,-20.957924854594978,-21.73588136987698,-22.295063725073618,-22.950842333839557,-23.505767575274,-23.914751927635905,-24.46269848129075,-24.890609744901674,-25.35599462147985,-25.82645209722736,-26.284461490932078,-26.779036561697,-27.291505704959683,-27.631021115928547,-27.631021115928547,-27.631021115928547
-16.849295161727873,-17.991812336060512,-15.364012616079902,-15.40438199634176,-14.087911408384915,-13.125428353709104,-12.196780650763069,-10.027742207183039,-6.322872089011312,0.27204895809205637,2.373517348139626,0.3481785504799756,-8.731319909875676,-11.21061891350137,-12.124941193167963,-6.859986300912122,0.02987053822310718,-0.7660402033319451,-10.655671262088754,-14.39480924775546,-16.685859470502667,-18.275624438640527,-19.43635319033446,-20.388974824032584,-21.290325473570793,-21.961213612614202,-22.668778726397473,-23.308348983996666,-23.844719215293633,-24.309652642473583,-24.873597099086613,-25.312472554262516,-25.798043123752954,-26.280947977393637,-26.728633087923637,-27.24024591137702,-27.631021115928547,-27.631021115928547,-27.631021115928547,-27.631021115928547
-16.248696708329536,-17.488343530235465,-14.943978460692374,-15.157897755549369,-13.930183543948507,-13.055575550831604,-12.15615785028492,-10.015898206395567,-6.321262275633599,0.27209363808868814,2.3735060431958512,0.34822434152787596,-8.743723513047135,-11.238514793771067,-12.176555403428583,-6.8641134064580145,0.02989173998796688,-0.7660685446730845,-10.661978937993075,-14.397641077522707,-16.699244396445376,-18.30834656421411,-19.505288384083116,-20.4967209022584,-21.47162455244558,-22.27906163157857,-23.044605900321134,-23.78637104605863,-24.44437524913434,-24.983241740293956,-25.639659672248236,-26.16340712210979,-26.7126868503791,-27.251271286457953,-27.631021115928547,-27.631021115928547,-27.631021115928547,-27.631021115928547,-27.631021115928547,-27.631021115928547
-16.461281251936764,-17.648520105402458,-15.09613336483976,-15.261356035638489,-13.984360492432547,-13.088981513761015,-12.166032394422023,-10.021657899404765,-6.321497723155573,0.2721074591796482,2.3735030524381897,0.34823630914511833,-8.74638548957143,-11.245426927030435,-12.1932882485004,-6.865920491048289,0.029900952654722028,-0.7660808848508163,-10.663855914169815,-14.393231762439992,-16.685758994298137,-18.27877047902087,-19.454342941883198,-20.417166997172412,-21.349255534704756,-22.153073862285265,-22.855865118910277,-23.571058994953734,-24.193429921140098,-24.684254929697776,-25.297577274572067,-25.780884078021412,-26.29367523627175,-26.801836219980284,-27.265550872384214,-27.631021115928547,-27.631021115928547,-27.631021115928547,-27.631021115928547,-27.631021115928547
-17.676606742246033,-18.41140916112966,-15.815217833589484,-15.60428391355116,-14.21269621154395,-13.175398130564,-12.223755684615162,-10.035995143736233,-6.323797689652895,0.27203162638873635,2.3735218286330717,0.3481610061525547,-8.72663190197527,-11.200211980356725,-12.103888262908503,-6.858509426526427,0.02986373791655964,-0.7660310068693034,-10.65513118558817,-14.403308062349264,-16.70586181557521,-18.308498471861093,-19.47723873805647,-20.44335694254257,-21.331577460742263,-21.9676469128437,-22.668724324666385,-23.29620014037294,-23.79295486073676,-24.252336598417855,-24.79911371183053,-25.220567049922654,-25.700050232407225,-26.161418511033634,-26.60390246504608,-27.09987246317604,-27.615773112396717,-27.631021115928547,-27.631021115928547,-27.631021115928547
-18.76942942276615,-19.08248084522973,-16.053766218164274,-15.823905157352236,-14.221486603244431,-13.22933662307955,-12.208768573624571,-10.043799511773367,-6.322830033547775,0.2721280274879921,2.37349954234337,0.34824856455781267,-8.747344930071433,-11.249724036447288,-12.214473281423187,-6.869103990575643,0.029916124990860736,-0.7661012762218897,-10.666356350249012,-14.377283246171464,-16.63615903328953,-18.172919914491413,-19.275972806061617,-20.150318754083703,-20.957924854878495,-21.735881369818944,-22.295063724959704,-22.950842334187076,-23.505767575069147,-23.914751927297168,-24.462698481382247,-24.89060974554912,-25.35599462166487,-25.82645209712126,-26.284461487977126,-26.77903656529826,-27.291505704223454,-27.631021115928547,-27.631021115928547,-27.631021115928547
-16.8492951618765,-17.991812336069113,-15.364012616094795,-15.404381996254502,-14.08791140838076,-13.12542835372475,-12.19678065076589,-10.027742207182364,-6.322872089011474,0.272048958092062,2.373517348139627,0.3481785504799621,-8.731319909874323,-11.21061891351412,-12.124941193167226,-6.859986300912105,0.02987053822312787,-0.7660402033319563,-10.655671262089568,-14.394809247744295,-16.685859470487706,-18.275624438681017,-19.436353190346832,-20.38897482396907,-21.290325473532288,-21.961213612744427,-22.668778726285122,-23.308348983957647,-23.844719215408837,-24.309652642046945,-24.873597100092148,-25.312472554071036,-25.798043123273207,-26.28094797705917,-26.72863308915905,-27.240245907234247,-27.631021115928547,-27.631021115928547,-27.631021115928547,-27.631021115928547
-16.248696708307985,-17.488343529964965,-14.943978460735,-15.157897755509385,-13.93018354395964,-13.055575550827474,-12.156157850273484,-10.015898206397214,-6.321262275633363,0.2720936380887007,2.373506043195857,0.3482243415278799,-8.743723513043733,-11.238514793780176,-12.176555403427036,-6.864113406457902,0.029891739987970758,-0.7660685446730872,-10.661978937992355,-14.397641077529961,-16.699244396434445,-18.308346564236324,-19.505288383890008,-20.49672090262753,-21.47162455229792,-22.27906163138046,-23.044605900497665,-23.786371045834663,-24.444375249464276,-24.983241739916508,-25.63965967113787,-26.163407124155956,-26.712686850942386,-27.251271286496443,-27.631021115928547,-27.631021115928547,-27.631021115928547,-27.631021115928547,-27.631021115928547,-27.631021115928547
-16.461281251988563,-17.64852010557685,-15.096133364791159,-15.261356035710053,-13.984360492417112,-13.088981513769527,-12.166032394417046,-10.021657899405831,-6.321497723155439,0.2721074591796414,2.3735030524382013,0.34823630914515546,-8.746385489571635,-11.245426927026443,-12.193288248502078,-6.865920491048286,0.029900952654720304,-0.7660808848507775,-10.6638559141701,-14.393231762435716,-16.685758994296993,-18.27877047903217,-19.454342941926907,-20.417166996991195,-21.349255534779505,-22.1530738623933,-22.855865118894172,-23.57105899498491,-24.193429920883812,-24.684254930805093,-25.2975772729564,-25.780884077437758,-26.29367523891649,-26.801836219219243,-27.265550869546242,-27.631021115928547,-27.631021115928547,-27.631021115928547,-27.631021115928547,-27.631021115928547
-17.676606742403365,-18.411409160803128,-15.815217833561595,-15.604283913632262,-14.212696211514565,-13.175398130582801,-12.223755684611799,-10.035995143734741,-6.323797689653107,0.2720316263887507,2.373521828633075,0.34816100615253653,-8.726631901978832,-11.200211980345177,-12.103888262908212,-6.858509426526567,0.029863737916506622,-0.7660310068693952,-10.655131185588418,-14.403308062340475,-16.70586181558482,-18.30849847181865,-19.477238738012506,-20.443356942529554,-21.33157746109433,-21.967646912649684,-22.66872432465477,-23.29620014056035,-23.792954859910008,-24.25233659939979,-24.7991137128034,-25.2205670483248,-25.700050231603793,-26.16141851269896,-26.603902463546817,-27.099872464759507,-27.615773110693098,-27.631021115928547,-27.631021115928547,-27.631021115928547
-18.769429422972294,-19.082480845383888,-16.053766218136417,-15.823905157310973,-14.221486603306785,-13.229336623054875,-12.208768573610433,-10.043799511778523,-6.32283003354732,0.27212802748800663,2.3734995423433722,0.3482485645577992,-8.747344930072687,-11.249724036441506,-12.214473281422052,-6.869103990575515,0.029916124990864615,-0.7661012762219004,-10.66635635024816,-14.377283246178854,-16.636159033298572,-18.172919914502,-19.275972805989085,-20.150318754129227,-20.957924854865972,-21.73588136985814,-22.295063724935225,-22.950842334206676,-23.50576757485993,-23.914751927869542,-24.46269848114282,-24.89060974502946,-25.355994621360605,-25.82645209812,-26.284461487802922,-26.779036566198076,-27.291505701653847,-27.631021115928547,-27.631021115928547,-27.631021115928547
-16.84929516170643,-17.9918123360837,-15.3640126161291,-15.404381996204448,-14.087911408353618,-13.125428353756682,-12.196780650756144,-10.02774220718126,-6.322872089011059,0.2720489580920388,2.3735173481396323,0.34817855047999724,-8.731319909872619,-11.21061891351596,-12.124941193165926,-6.859986300912325,0.02987053822313541,-0.7660402033318909,-10.655671262088992,-14.394809247734457,-16.685859470502997,-18.27562443861806,-19.436353190351188,-20.388974824017943,-21.290325473598912,-21.961213612856618,-22.668778726212242,-23.308348983629646,-23.84471921639157,-24.309652641056147,-24.873597099761945,-25.312472554653954,-25.7980431236451,-26.280947977899242,-26.72863308435443,-27.240245917130945,-27.631021115928547,-27.631021115928547,-27.631021115928547,-27.631021115928547
-16.248696708347623,-17.488343530017318,-14.943978460709841,-15.157897755587696,-13.930183543939153,-13.055575550835872,-12.15615785026085,-10.0158982063989,-6.321262275633342,0.27209363808868986,2.3735060431958446,0.34822434152784554,-8.743723513042896,-11.238514793791012,-12.176555403425978,-6.864113406457929,0.02989173998797636,-0.7660685446731074,-10.661978937992114,-14.397641077527178,-16.699244396434928,-18.30834656428125,-19.505288383789875,-20.4967209026663,-21.47162455233625,-22.279061631343232,-23.044605900703285,-23.786371045405986,-24.444375249896567,-24.983241739873474,-25.639659671298404,-26.163407124768735,-26.712686848217274,-27.251271288894152,-27.631021115928547,-27.631021115928547,-27.631021115928547,-27.631021115928547,-27.631021115928547,-27.631021115928547
-16.461281251940292,-17.64852010544373,-15.096133364786343,-15.261356035753058,-13.984360492439608,-13.088981513752888,-12.166032394407942,-10.021657899410192,-6.321497723155393,0.2721074591796426,2.3735030524381937,0.3482363091451404,-8.74638548957136,-11.245426927033709,-12.193288248501405,-6.865920491048279,0.02990095265473453,-0.7660808848507793,-10.66385591417019,-14.393231762442884,-16.68575899430569,-18.27877047901566,-19.454342941844057,-20.417166997256217,-21.349255534606712,-22.153073862488053,-22.855865118589794,-23.571058995143627,-24.1934299212646,-24.684254929736905,-25.297577273940462,-25.780884079162522,-26.293675234705272,-26.801836221826445,-27.265550872773392,-27.631021115928547,-27.631021115928547,-27.631021115928547,-27.631021115928547,-27.631021115928547
-17.676606742228692,-18.411409161087928,-15.81521783357853,-15.604283913586888,-14.212696211495043,-13.175398130605345,-12.223755684605473,-10.035995143733814,-6.323797689652933,0.2720316263887337,2.373521828633073,0.34816100615255974,-8.726631901977877,-11.200211980342461,-12.10388826290604,-6.858509426526409,0.029863737916557484,-0.7660310068692978,-10.655131185588983,-14.403308062332735,-16.705861815579453,-18.308498471907548,-19.47723873777813,-20.44335694270564,-21.33157746105977,-21.96764691268108,-22.66872432459275,-23.296200140716735,-23.79295486001567,-24.25233659864396,-24.799113712298045,-25.220567050351125,-25.70005023162562,-26.161418511543374,-26.60390246463426,-27.099872462932026,-27.615773113793107,-27.631021115928547,-27.631021115928547,-27.631021115928547
-18.769429422676566,-19.082480845912297,-16.05376621821147,-15.823905157174398,-14.2214866033206,-13.229336623056174,-12.20876857360547,-10.043799511778273,-6.322830033547297,0.272128027487995,2.373499542343365,0.34824856455779013,-8.747344930074643,-11.249724036428871,-12.214473281423263,-6.869103990575666,0.02991612499081936,-0.7661012762219677,-10.666356350247792,-14.377283246179063,-16.636159033315504,-18.17291991447033,-19.275972806067262,-20.150318754024568,-20.95792485488978,-21.735881369956875,-22.295063724975535,-22.95084233397321,-23.505767575541395,-23.914751927058095,-24.46269848151323,-24.890609745165282,-25.355994621515666,-25.826452097629684,-26.284461487061947,-26.779036567728394,-27.29150570207894,-27.631021115928547,-27.631021115928547,-27.631021115928547
-16.849295161702624,-17.99181233619104,-15.364012616144844,-15.404381996202913,-14.087911408365185,-13.125428353744226,-12.196780650751936,-10.027742207184223,-6.322872089011374,0.27204895809204793,2.373517348139624,0.3481785504799706,-8.731319909876254,-11.21061891350525,-12.124941193166165,-6.859986300912259,0.02987053822309899,-0.7660402033319654,-10.655671262090337,-14.394809247746279,-16.68585947047114,-18.2756244387137,-19.43635319003811,-20.388974824369733,-21.290325473486288,-21.961213612799735,-22.668778726100747,-23.308348983971705,-23.844719215546746,-24.309652642517023,-24.87359709916046,-25.312472554602728,-25.798043122355903,-26.28094797860737,-26.728633086085,-27.24024591444747,-27.631021115928547,-27.631021115928547,-27.631021115928547,-27.631021115928547
-16.24869670829189,-17.48834353001993,-14.943978460696558,-15.157897755641889,-13.930183543899322,-13.055575550860784,-12.156157850261113,-10.015898206398886,-6.321262275633534,0.2720936380887027,2.3735060431958592,0.34822434152788834,-8.743723513043086,-11.238514793788754,-12.176555403425969,-6.864113406457943,0.02989173998798369,-0.7660685446730529,-10.661978937993366,-14.397641077527627,-16.69924439640531,-18.308346564246033,-19.505288383870425,-20.496720902880707,-21.471624551894017,-22.279061631535363,-23.0446059001279,-23.786371046090487,-24.444375249990845,-24.98324173927243,-25.639659672437798,-26.163407121420473,-26.71268685232116,-27.25127128567157,-27.631021115928547,-27.631021115928547,-27.631021115928547,-27.631021115928547,-27.631021115928547,-27.631021115928547
-16.46128125192199,-17.64852010553736,-15.096133364789672,-15.261356035717148,-13.984360492477713,-13.088981513731127,-12.166032394411177,-10.021657899407487,-6.321497723155484,0.27210745917964024,2.3735030524381924,0.3482363091451266,-8.74638548956868,-11.24542692704265,-12.193288248499325,-6.8659204910482075,0.02990095265471729,-0.7660808848508229,-10.663855914169368,-14.39323176244782,-16.685758994315886,-18.27877047908407,-19.45434294171356,-20.417166997277373,-21.34925553468442,-22.153073862516045,-22.85586511875755,-23.57105899520296,-24.193429920194404,-24.684254930991433,-25.297577273308505,-25.78088407803342,-26.293675238378707,-26.801836218583,-27.265550871648838,-27.631021115928547,-27.631021115928547,-27.631021115928547,-27.631021115928547,-27.631021115928547
-17.676606742337583,-18.411409161059055,-15.81521783363618,-15.604283913480824,-14.212696211515022,-13.17539813059702,-12.223755684605411,-10.03599514373674,-6.323797689652993,0.272031626388747,2.3735218286330753,0.3481610061525431,-8.72663190197673,-11.200211980352364,-12.10388826290653,-6.858509426526592,0.02986373791652257,-0.7660310068693523,-10.655131185588841,-14.403308062339221,-16.7058618155757,-18.308498471856065,-19.477238737997823,-20.443356942334837,-21.331577461354698,-21.967646912789302,-22.668724324520255,-23.296200140587356,-23.792954859903904,-24.252336599472166,-24.799113712159212,-25.22056704852722,-25.700050232789646,-26.161418511163337,-26.60390246697254,-27.09987245711734,-27.615773116590447,-27.631021115928547,-27.631021115928547,-27.631021115928547
-18.769429422904512,-19.082480845373883,-16.053766218249,-15.82390515718561,-14.221486603275757,-13.229336623071905,-12.208768573621093,-10.043799511775532,-6.3228300335475405,0.2721280274880068,2.3734995423433753,0.34824856455781583,-8.74734493007525,-11.249724036428328,-12.214473281423569,-6.86910399057544,0.02991612499086806,-0.7661012762218842,-10.666356350249487,-14.377283246175878,-16.636159033288102,-18.172919914483185,-19.275972806032833,-20.150318754171135,-20.957924854734216,-21.73588136986111,-22.295063724880936,-22.95084233437161,-23.505767574658933,-23.914751927897843,-24.46269848099662,-24.890609745474205,-25.355994621709808,-25.826452097192078,-26.284461488491292,-26.779036565585034,-27.291505702447058,-27.631021115928547,-27.631021115928547,-27.631021115928547
-16.849295161823814,-17.99181233584548,-15.364012616103786,-15.40438199631138,-14.087911408380029,-13.125428353717894,-12.196780650751885,-10.027742207184152,-6.322872089011266,0.2720489580920437,2.3735173481396266,0.348178550479975,-8.73131990987696,-11.210618913497989,-12.124941193164746,-6.859986300912299,0.02987053822311343,-0.7660402033319466,-10.655671262088648,-14.39480924775992,-16.685859470501473,-18.275624438660188,-19.436353190093364,-20.388974824587226,-21.29032547317423,-21.96121361264984,-22.668778726437324,-23.308348983672804,-23.844719216257474,-24.309652640975333,-24.873597100744608,-25.31247255356264,-25.79804312389398,-26.280947976642196,-26.728633087199263,-27.240245915757598,-27.631021115928547,-27.631021115928547,-27.631021115928547,-27.631021115928547
-16.248696708284342,-17.488343530014994,-14.943978460690955,-15.15789775562764,-13.930183543896401,-13.055575550863486,-12.156157850273587,-10.015898206396963,-6.321262275633254,0.27209363808870374,2.3735060431958552,0.34822434152786563,-8.743723513044584,-11.238514793777922,-12.176555403426637,-6.864113406457959,0.02989173998795869,-0.7660685446731249,-10.661978937992119,-14.397641077522028,-16.69924439642277,-18.308346564215974,-19.50528838406996,-20.49672090223864,-21.471624552506512,-22.279061631442246,-23.04460590043229,-23.7863710457892,-24.444375249634426,-24.983241739603745,-25.639659671155393,-26.16340712496586,-26.71268685022857,-27.251271285215566,-27.631021115928547,-27.631021115928547,-27.631021115928547,-27.631021115928547,-27.631021115928547,-27.631021115928547
-16.461281251973155,-17.648520105580907,-15.096133364806096,-15.26135603564707,-13.984360492480949,-13.08898151373221,-12.166032394420018,-10.02165789940586,-6.321497723155503,0.27210745917964496,2.3735030524382004,0.34823630914515735,-8.74638548956988,-11.245426927041319,-12.193288248498453,-6.865920491048311,0.029900952654733234,-0.7660808848507503,-10.663855914170725,-14.39323176244226,-16.68575899432497,-18.27877047906028,-19.454342941789804,-20.41716699694316,-21.349255535174592,-22.15307386243976,-22.855865118618848,-23.57105899509959,-24.193429921216524,-24.68425493031582,-25.297577273072424,-25.7808840783596,-26.293675237153053,-26.80183621969271,-27.26555087010043,-27.631021115928547,-27.631021115928547,-27.631021115928547,-27.631021115928547,-27.631021115928547
-17.676606742295593,-18.411409160912065,-15.815217833655748,-15.604283913477209,-14.21269621153902,-13.175398130573,-12.223755684615444,-10.0359951437363,-6.323797689652871,0.2720316263887367,2.3735218286330735,0.34816100615254625,-8.726631901975532,-11.200211980359695,-12.103888262907878,-6.8585094265265285,0.029863737916531193,-0.766031006869351,-10.655131185588361,-14.403308062348497,-16.705861815588896,-18.30849847184515,-19.47723873803756,-20.443356942526872,-21.331577460926013,-21.967646912687027,-22.668724324666343,-23.296200140553562,-23.792954859899865,-24.252336599144805,-24.799113713002182,-25.220567048801218,-25.700050231208316,-26.16141851214433,-26.603902466689487,-27.09987245886993,-27.615773115141014,-27.631021115928547,-27.631021115928547,-27.631021115928547
-18.769429422713568,-19.08248084574099,-16.053766218154458,-15.823905157310381,-14.221486603238102,-13.229336623085214,-12.208768573629005,-10.043799511772978,-6.32283003354728,0.2721280274879934,2.3734995423433687,0.34824856455779574,-8.747344930072181,-11.249724036439487,-12.214473281423798,-6.869103990575573,0.029916124990839184,-0.7661012762219357,-10.666356350247666,-14.377283246175647,-16.636159033259965,-18.172919914471866,-19.275972806038684,-20.150318754283013,-20.957924854593813,-21.735881369874424,-22.295063725075213,-22.950842333840768,-23.505767575272138,-23.914751927626163,-24.462698481292854,-24.890609744915142,-25.355994621411455,-25.826452097202523,-26.284461490953827,-26.779036561773765,-27.29150570496214,-27.631021115928547,-27.631021115928547,-27.631021115928547
-16.849295161727593,-17.991812336060374,-15.36401261607997,-15.404381996341655,-14.087911408384992,-13.125428353709136,-12.196780650763113,-10.027742207183048,-6.322872089011313,0.27204895809205687,2.3735173481396257,0.3481785504799754,-8.731319909875673,-11.210618913501373,-12.124941193167958,-6.85998630091212,0.02987053822310718,-0.766040203331945,-10.655671262088749,-14.394809247755308,-16.685859470502347,-18.275624438640335,-19.436353190333428,-20.38897482403199,-21.290325473571915,-21.961213612612067,-22.668778726398184,-23.308348983990804,-23.844719215292628,-24.30965264247085,-24.87359709909774,-25.31247255427913,-25.79804312374763,-26.28094797737316,-26.72863308799803,-27.240245911436304,-27.631021115928547,-27.631021115928547,-27.631021115928547,-27.631021115928547
-16.248696708329444,-17.488343530235685,-14.943978460692358,-15.157897755549342,-13.930183543948507,-13.055575550831612,-12.156157850284943,-10.015898206395573,-6.321262275633598,0.27209363808868814,2.3735060431958512,0.34822434152787596,-8.743723513047144,-11.238514793771078,-12.176555403428573,-6.864113406458015,0.029891739987966664,-0.7660685446730845,-10.66197893799308,-14.397641077522744,-16.69924439644524,-18.30834656421377,-19.50528838408196,-20.496720902254424,-21.471624552446702,-22.279061631581516,-23.044605900316547,-23.786371046047762,-24.44437524912903,-24.98324174029531,-25.63965967223508,-26.163407122089524,-26.712686850406893,-27.251271286494852,-27.631021115928547,-27.631021115928547,-27.631021115928547,-27.631021115928547,-27.631021115928547,-27.631021115928547
-16.46128125193642,-17.648520105402202,-15.096133364839588,-15.261356035638238,-13.984360492432488,-13.08898151376092,-12.166032394421974,-10.021657899404754,-6.321497723155573,0.2721074591796482,2.3735030524381897,0.34823630914511833,-8.746385489571423,-11.245426927030435,-12.193288248500403,-6.865920491048289,0.029900952654721813,-0.7660808848508163,-10.663855914169813,-14.393231762439944,-16.68575899429823,-18.278770479020714,-19.45434294188335,-20.417166997172032,-21.34925553470464,-22.153073862286586,-22.855865118909122,-23.571058994944686,-24.193429921141973,-24.684254929687494,-25.29757727457647,-25.780884078021366,-26.29367523629684,-26.80183621996377,-27.26555087244548,-27.631021115928547,-27.631021115928547,-27.631021115928547,-27.631021115928547,-27.631021115928547
-17.676606742245657,-18.41140916112872,-15.815217833589294,-15.604283913551212,-14.212696211543939,-13.175398130564057,-12.223755684615107,-10.035995143736235,-6.323797689652894,0.27203162638873585,2.3735218286330713,0.3481610061525544,-8.726631901975269,-11.200211980356721,-12.103888262908535,-6.858509426526428,0.02986373791655964,-0.7660310068693031,-10.655131185588179,-14.403308062349268,-16.70586181557503,-18.308498471861277,-19.477238738057576,-20.4433569425471,-21.331577460742526,-21.967646912842394,-22.66872432466292,-23.29620014036844,-23.7929548607343,-24.252336598416626,-24.79911371183525,-25.22056704992598,-25.70005023234239,-26.16141851101423,-26.60390246507715,-27.099872463243283,-27.61577311243467,-27.631021115928547,-27.631021115928547,-27.631021115928547
-18.769429422767598,-19.08248084522759,-16.05376621816428,-15.823905157351891,-14.221486603244472,-13.22933662307954,-12.208768573624553,-10.043799511773374,-6.322830033547775,0.27212802748799175,2.37349954234337,0.34824856455781344,-8.74734493007143,-11.249724036447288,-12.214473281423176,-6.869103990575643,0.02991612499086095,-0.7661012762218895,-10.66635635024901,-14.3772832461713,-16.636159033289708,-18.172919914491185,-19.275972806061837,-20.15031875408334,-20.957924854878108,-21.73588136981725,-22.295063724957934,-22.950842334183285,-23.505767575069434,-23.914751927292645,-24.462698481373522,-24.890609745552627,-25.355994621663637,-25.826452097109378,-26.284461487918154,-26.779036565307,-27.29150570420707,-27.631021115928547,-27.631021115928547,-27.631021115928547
-16.84929516187678,-17.99181233606902,-15.364012616094856,-15.404381996254335,-14.087911408380815,-13.125428353724802,-12.196780650765925,-10.027742207182357,-6.322872089011475,0.272048958092062,2.373517348139627,0.3481785504799618,-8.731319909874317,-11.210618913514116,-12.12494119316722,-6.859986300912104,0.02987053822312787,-0.7660402033319563,-10.655671262089564,-14.394809247744336,-16.68585947048761,-18.27562443868115,-19.43635319034618,-20.38897482397234,-21.290325473532345,-21.961213612749955,-22.66877872628806,-23.308348983962492,-23.844719215416674,-24.309652642041144,-24.873597100089267,-25.3124725540939,-25.798043123292224,-26.280947977040306,-26.728633089250874,-27.24024590721979,-27.631021115928547,-27.631021115928547,-27.631021115928547,-27.631021115928547
-16.248696708308177,-17.488343529965412,-14.943978460734904,-15.15789775550946,-13.930183543959682,-13.055575550827333,-12.156157850273496,-10.015898206397216,-6.321262275633362,0.2720936380887012,2.3735060431958575,0.3482243415278799,-8.743723513043733,-11.238514793780185,-12.176555403427061,-6.864113406457902,0.029891739987970328,-0.7660685446730875,-10.661978937992355,-14.39764107753,-16.699244396434253,-18.308346564236196,-19.50528838388983,-20.496720902629274,-21.471624552298458,-22.27906163138323,-23.044605900501935,-23.786371045839836,-24.44437524946318,-24.983241739895263,-25.639659671137302,-26.16340712416518,-26.712686850906515,-27.25127128642281,-27.631021115928547,-27.631021115928547,-27.631021115928547,-27.631021115928547,-27.631021115928547,-27.631021115928547
-16.461281251988243,-17.648520105576697,-15.09613336479102,-15.26135603571,-13.984360492417048,-13.088981513769504,-12.166032394417094,-10.021657899405822,-6.321497723155439,0.27210745917964174,2.3735030524382013,0.34823630914515546,-8.746385489571633,-11.245426927026434,-12.193288248502085,-6.865920491048285,0.02990095265472009,-0.7660808848507775,-10.663855914170096,-14.393231762435768,-16.68575899429674,-18.278770479032435,-19.45434294192684,-20.417166996991003,-21.349255534779434,-22.1530738623951,-22.85586511889551,-23.571058994986394,-24.193429920869157,-24.684254930805448,-25.297577272958744,-25.78088407745207,-26.29367523891836,-26.80183621924064,-27.26555086954114,-27.631021115928547,-27.631021115928547,-27.631021115928547,-27.631021115928547,-27.631021115928547
-17.676606742402296,-18.411409160803185,-15.815217833561633,-15.604283913632235,-14.212696211514519,-13.175398130582812,-12.223755684611776,-10.035995143734741,-6.323797689653106,0.27203162638875106,2.373521828633075,0.34816100615253653,-8.726631901978832,-11.200211980345186,-12.10388826290822,-6.858509426526568,0.029863737916506622,-0.7660310068693952,-10.655131185588424,-14.403308062340392,-16.705861815584587,-18.30849847181842,-19.477238738013174,-20.44335694253037,-21.331577461092877,-21.967646912639786,-22.66872432465093,-23.296200140557225,-23.792954859893698,-24.25233659940339,-24.799113712807706,-25.22056704832428,-25.700050231590527,-26.16141851265559,-26.603902463531494,-27.099872464728453,-27.61577311072514,-27.631021115928547,-27.631021115928547,-27.631021115928547
-18.769429422973296,-19.082480845383817,-16.053766218136474,-15.823905157310946,-14.221486603306827,-13.22933662305485,-12.208768573610437,-10.043799511778515,-6.322830033547318,0.27212802748800596,2.3734995423433722,0.34824856455779907,-8.747344930072689,-11.249724036441497,-12.214473281422057,-6.869103990575514,0.029916124990864615,-0.7661012762219006,-10.666356350248158,-14.377283246178783,-16.63615903329853,-18.172919914502106,-19.275972805989518,-20.150318754127742,-20.957924854865567,-21.735881369858774,-22.295063724928266,-22.950842334209,-23.505767574866958,-23.914751927871535,-24.46269848113741,-24.89060974502907,-25.35599462137577,-25.826452098106305,-26.284461487795028,-26.7790365662479,-27.291505701634325,-27.631021115928547,-27.631021115928547,-27.631021115928547
-16.849295161706692,-17.99181233608343,-15.364012616129221,-15.404381996204586,-14.087911408353731,-13.125428353756584,-12.196780650756176,-10.02774220718126,-6.322872089011058,0.2720489580920388,2.373517348139632,0.3481785504799969,-8.731319909872616,-11.210618913515965,-12.124941193165913,-6.859986300912325,0.02987053822313584,-0.7660402033318905,-10.655671262088989,-14.39480924773455,-16.685859470502848,-18.275624438617836,-19.43635319035097,-20.38897482402032,-21.29032547360116,-21.961213612864995,-22.66877872621826,-23.3083489836398,-23.84471921640952,-24.309652641044654,-24.873597099760893,-25.312472554636436,-25.79804312363288,-26.280947977910518,-26.728633084334046,-27.240245917115576,-27.631021115928547,-27.631021115928547,-27.631021115928547,-27.631021115928547
-16.248696708347545,-17.488343530017197,-14.94397846070973,-15.157897755587559,-13.93018354393912,-13.055575550835835,-12.156157850260863,-10.015898206398912,-6.321262275633342,0.27209363808868986,2.3735060431958446,0.34822434152784554,-8.743723513042898,-11.23851479379102,-12.176555403425956,-6.864113406457929,0.029891739987976146,-0.7660685446731075,-10.661978937992114,-14.397641077527346,-16.699244396434974,-18.30834656428102,-19.50528838379003,-20.49672090266588,-21.47162455233214,-22.279061631332336,-23.044605900696745,-23.786371045423085,-24.444375249928626,-24.983241739870717,-25.63965967130657,-26.163407124791693,-26.712686848250808,-27.25127128889304,-27.631021115928547,-27.631021115928547,-27.631021115928547,-27.631021115928547,-27.631021115928547,-27.631021115928547
-16.46128125194039,-17.648520105444433,-15.096133364786137,-15.261356035753028,-13.98436049243958,-13.08898151375286,-12.166032394407894,-10.02165789941019,-6.321497723155394,0.27210745917964313,2.373503052438194,0.3482363091451404,-8.746385489571379,-11.245426927033709,-12.193288248501432,-6.865920491048279,0.029900952654734313,-0.7660808848507795,-10.663855914170188,-14.393231762442944,-16.68575899430582,-18.278770479015368,-19.454342941843322,-20.417166997257524,-21.349255534607714,-22.1530738624896,-22.85586511858721,-23.571058995131008,-24.193429921240988,-24.68425492975353,-25.297577273938778,-25.7808840791633,-26.29367523474952,-26.80183622181678,-27.265550872689538,-27.631021115928547,-27.631021115928547,-27.631021115928547,-27.631021115928547,-27.631021115928547
-17.67660674222796,-18.411409161086397,-15.81521783357848,-15.604283913586594,-14.212696211495029,-13.175398130605219,-12.223755684605427,-10.035995143733802,-6.323797689652933,0.27203162638873335,2.3735218286330726,0.3481610061525599,-8.726631901977882,-11.200211980342443,-12.10388826290605,-6.858509426526408,0.029863737916557914,-0.7660310068692975,-10.655131185588983,-14.403308062332677,-16.70586181557959,-18.308498471907466,-19.477238737778535,-20.44335694270386,-21.331577461059563,-21.967646912686632,-22.668724324596027,-23.29620014071532,-23.792954860011854,-24.252336598654317,-24.79911371229223,-25.220567050323186,-25.700050231577727,-26.161418511501967,-26.603902464548007,-27.099872462825207,-27.61577311373403,-27.631021115928547,-27.631021115928547,-27.631021115928547
-18.769429422676588,-19.082480845912666,-16.053766218211415,-15.82390515717454,-14.221486603320603,-13.229336623056206,-12.208768573605484,-10.043799511778271,-6.322830033547297,0.2721280274879943,2.373499542343365,0.34824856455779013,-8.74734493007464,-11.249724036428868,-12.214473281423263,-6.869103990575668,0.029916124990819574,-0.7661012762219676,-10.666356350247797,-14.377283246178958,-16.63615903331533,-18.172919914470206,-19.27597280606717,-20.150318754024504,-20.957924854888237,-21.735881369951194,-22.295063724975396,-22.950842333969522,-23.50576757553455,-23.914751927062923,-24.462698481518707,-24.890609745178264,-25.355994621487913,-25.82645209764286,-26.284461487036513,-26.779036567811882,-27.291505702168372,-27.631021115928547,-27.631021115928547,-27.631021115928547
-16.849295161702596,-17.991812336191867,-15.36401261614497,-15.40438199620304,-14.087911408365215,-13.125428353744237,-12.196780650751936,-10.027742207184223,-6.322872089011374,0.27204895809204827,2.3735173481396243,0.34817855047997104,-8.731319909876241,-11.210618913505254,-12.124941193166132,-6.859986300912257,0.029870538223098774,-0.7660402033319657,-10.655671262090333,-14.394809247746245,-16.685859470471065,-18.275624438713855,-19.436353190040833,-20.388974824369114,-21.29032547348673,-21.961213612798925,-22.668778726101504,-23.308348983962926,-23.844719215553695,-24.30965264251121,-24.8735970991541,-25.31247255459937,-25.798043122316034,-26.280947978616684,-26.728633086114918,-27.240245914492334,-27.631021115928547,-27.631021115928547,-27.631021115928547,-27.631021115928547
-16.248696708291934,-17.48834353001988,-14.943978460696341,-15.157897755641793,-13.930183543899334,-13.05557555086072,-12.1561578502611,-10.015898206398884,-6.3212622756335355,0.2720936380887032,2.3735060431958592,0.34822434152788834,-8.743723513043099,-11.238514793788775,-12.176555403425978,-6.864113406457945,0.029891739987983473,-0.7660685446730532,-10.661978937993368,-14.397641077527691,-16.699244396405117,-18.30834656424639,-19.505288383870322,-20.496720902878785,-21.47162455189143,-22.27906163152943,-23.044605900129618,-23.78637104608339,-24.44437524997564,-24.983241739294442,-25.639659672442143,-26.163407121420097,-26.712686852361553,-27.251271285667553,-27.631021115928547,-27.631021115928547,-27.631021115928547,-27.631021115928547,-27.631021115928547,-27.631021115928547
-16.46128125192178,-17.64852010553726,-15.096133364789706,-15.261356035717146,-13.984360492477652,-13.088981513731104,-12.166032394411204,-10.02165789940749,-6.321497723155483,0.27210745917964074,2.373503052438193,0.34823630914512643,-8.746385489568683,-11.245426927042645,-12.193288248499272,-6.865920491048207,0.02990095265471772,-0.7660808848508224,-10.663855914169366,-14.393231762447801,-16.68575899431572,-18.278770479084084,-19.45434294171327,-20.417166997279715,-21.349255534687522,-22.153073862520817,-22.8558651187557,-23.571058995201255,-24.19342992019013,-24.68425493097767,-25.297577273333562,-25.780884078011187,-26.293675238346992,-26.801836218550793,-27.265550871670033,-27.631021115928547,-27.631021115928547,-27.631021115928547,-27.631021115928547,-27.631021115928547
-17.67660674235669,-18.41140916121063,-15.815217833597018,-15.604283913481753,-14.212696211533284,-13.175398130588816,-12.223755684610703,-10.0359951437351,-6.323797689653235,0.27203162638873707,2.3735218286330766,0.3481610061525546,-8.726631901977699,-11.200211980349948,-12.103888262906779,-6.858509426526833,0.029863737916511795,-0.7660310068693392,-10.655131185588544,-14.40330806234356,-16.705861815607584,-18.30849847185003,-19.477238737969223,-20.443356942464625,-21.33157746112567,-21.967646912852654,-22.6687243245602,-23.296200140865487,-23.792954859495424,-24.252336599223348,-24.799113712355332,-25.22056704914564,-25.70005023255069,-26.161418511103168,-26.603902466934386,-27.0998724573709,-27.61577311719705,-27.631021115928547,-27.631021115928547,-27.631021115928547
-6.429678031867956,-6.00080440166996,-5.668915541913519,-5.58346461431975,-5.452334972373547,-5.26344523806389,-5.006740634099812,-4.656147974981797,-3.586908153894326,0.4065308971327431,2.3241768570266728,0.4003958246885207,-4.7189452794882945,-6.190896573293936,-7.523728748591187,-5.6801160317015436,-0.002567288391657947,-0.7625083030805857,-5.7417367505533035,-6.615869063432808,-7.276453614739816,-7.775222917340927,-8.111920070948297,-8.415245612670274,-8.712286519531476,-8.984740980898966,-9.251047798443143,-9.548968068979747,-9.772144669903737,-9.919598468430918,-10.175832496589965,-10.311774394246733,-10.482840023060088,-10.646727671456759,-10.745175413077616,-10.874806651366047,-10.94426247691911,-10.99574816127276,-11.054631768609422,-11.049891788203118
