0.0,1.2416166042209855e-10
31.25,7.305188382220481e-07
62.5,2.130714214025088e-06
93.75,2.40971241738949e-06
125.0,7.79928281549752e-07
156.25,4.760970296258672e-07
187.5,9.158531568575264e-06
218.75,2.9520923187620244e-05
250.0,3.8870974330317984e-05
281.25,3.534488196688467e-06
312.5,0.00024577913168991554
343.75,0.004943958890064523
375.0,0.08798722007972051
406.25,2.6791596744927735
437.5,6.9608529592777275
468.75,3.522362845694241
500.0,0.20594218193621822
531.25,0.0044949938787485
562.5,3.0527380845616356e-05
593.75,5.7967197740085695e-05
625.0,5.440814007366715e-05
656.25,1.2952583836146982e-05
687.5,1.2463266639050163e-07
718.75,5.829461261109266e-09
750.0,2.4198476493982594e-05
781.25,0.00044104747347858904
812.5,0.005693993229734964
843.75,0.2547175018343506
875.0,0.7624043856347401
906.25,0.4395011079249943
937.5,0.03303253205724408
968.75,0.0004157111507995243
1000.0,9.357074747038432e-08
1031.25,1.4975407254134673e-05
1062.5,1.0856527533690975e-05
1093.75,3.2435548113987884e-06
1125.0,2.2005755522521158e-07
1156.25,1.2479580859962137e-07
1187.5,4.2314778956552674e-07
1218.75,3.1916792082412096e-07
1250.0,8.458406002498582e-08
1281.25,5.725766693760686e-12
1312.5,3.5291344712493535e-08
1343.75,5.818671049574581e-08
1375.0,3.265618835278192e-08
1406.25,4.083097457159773e-09
1437.5,2.2468353901375523e-09
1468.75,1.2208033428444392e-08
1500.0,1.2633719293282019e-08
1531.25,4.519284962140106e-09
1562.5,1.811597070303004e-11
1593.75,2.1961600510691537e-09
1625.0,4.578727609836728e-09
1656.25,3.1181587557743397e-09
1687.5,5.188342433917294e-10
1718.75,1.8762219158088673e-10
1750.0,1.4229616445554384e-09
1781.25,1.7215312999846477e-09
1812.5,7.272058755914338e-10
1843.75,1.1442373130273278e-11
1875.0,3.1789166482721065e-10
1906.25,7.868353928906671e-10
1937.5,6.091027055003836e-10
1968.75,1.2611509597499644e-10
2000.0,2.5754742523692604e-11
2031.25,2.8379073241939183e-10
2062.5,3.884436721732377e-10
2093.75,1.8706939250546272e-10
2125.0,6.538056903706873e-12
2156.25,6.748859548131859e-11
2187.5,1.9683309374945482e-10
2218.75,1.6975406864426353e-10
2250.0,4.2280689459595926e-11
2281.25,4.249416859965508e-12
2312.5,7.554097452991131e-11
2343.75,1.1589215162125063e-10
2375.0,6.261499094185605e-11
2406.25,3.770016539326738e-12
2437.5,1.7806600444470603e-11
2468.75,6.166710719908575e-11
2500.0,5.873469486546046e-11
2531.25,1.7190342472118477e-11
2562.5,6.907775003414543e-13
2593.75,2.413094025439122e-11
2625.0,4.141413881209359e-11
2656.25,2.485694593034035e-11
2687.5,2.238650879917146e-12
2718.75,5.382450646000491e-12
2750.0,2.2487656332169738e-11
2781.25,2.3548141924245128e-11
2812.5,7.954634053407656e-12
2843.75,8.479571897440844e-14
2875.0,8.74304064244292e-12
2906.25,1.681139417108303e-11
2937.5,1.1131384124552369e-11
2968.75,1.3727056133768587e-12
3000.0,1.774614025465428e-12
3031.25,9.154038690839263e-12
3062.5,1.0513681387321155e-11
3093.75,4.040858272055133e-12
3125.0,8.95104735268177e-15
3156.25,3.4719643608731245e-12
3187.5,7.507455990188018e-12
3218.75,5.454707239988957e-12
3250.0,8.676613928933006e-13
3281.25,6.162531326100229e-13
3312.5,4.05125854369096e-12
3343.75,5.09748263861755e-12
3375.0,2.2031628303873624e-12
3406.25,1.7714258815370132e-14
3437.5,1.4771967706094975e-12
3468.75,3.6114831763363116e-12
3500.0,2.8671524825656958e-12
3531.25,5.637027907772706e-13
3562.5,2.1889077255324262e-13
3593.75,1.9148206091080127e-12
3625.0,2.6385704355806255e-12
3656.25,1.2699686205779234e-12
3687.5,2.9804016464276165e-14
3718.75,6.626153378793281e-13
3750.0,1.844453021590204e-12
3781.25,1.5943899017397757e-12
3812.5,3.7531073405799597e-13
3843.75,7.726783846803185e-14
3875.0,9.544600094597867e-13
3906.25,1.4407048805590329e-12
3937.5,7.658215534890535e-13
3968.75,3.46795999928519e-14
4000.0,3.0964261647069527e-13
4031.25,9.897363451995297e-13
4062.5,9.287625620315666e-13
4093.75,2.5538960975225425e-13
4125.0,2.6245892135096384e-14
4156.25,4.97188002821323e-13
4187.5,8.225992322508006e-13
4218.75,4.79438892418234e-13
4250.0,3.415000965023319e-14
4281.25,1.4937201612353758e-13
4312.5,5.537988690890955e-13
4343.75,5.626399768526263e-13
4375.0,1.7720673058135308e-13
4406.25,8.284361690387813e-15
4437.5,2.6886926136780484e-13
4468.75,4.880115909402627e-13
4500.0,3.0986039057475446e-13
4531.25,3.088132932103015e-14
4562.5,7.38598680535451e-14
4593.75,3.2135126528636563e-13
4625.0,3.5257215443604655e-13
4656.25,1.2513798024576526e-13
4687.5,2.437523361811256e-15
4718.75,1.502405887624302e-13
4750.0,2.994198498820636e-13
4781.25,2.0588387293761946e-13
4812.5,2.662719406975774e-14
4843.75,3.723226330894275e-14
4875.0,1.9263526513047965e-13
4906.25,2.27650172143462e-13
4937.5,8.979993914664133e-14
4968.75,8.941770842603157e-16
5000.0,8.648712617814758e-14
5031.25,1.893798931437414e-13
5062.5,1.4021735106047919e-13
5093.75,2.232492891133466e-14
5125.0,1.9059591662662245e-14
5156.25,1.1900714559254444e-13
5187.5,1.5105241269447108e-13
5218.75,6.541432015970622e-14
5250.0,7.370789824621315e-16
5281.25,5.121782129471602e-14
5312.5,1.2323227629973906e-13
5343.75,9.768613615262347e-14
5375.0,1.8406090533617617e-14
5406.25,9.886628445228839e-15
5437.5,7.568955854570181e-14
5468.75,1.0283417133013601e-13
5500.0,4.834104900205396e-14
5531.25,9.110253600700303e-16
5562.5,3.121235543166073e-14
5593.75,8.243380721057289e-14
5625.0,6.954164885353178e-14
5656.25,1.5027123937530538e-14
5687.5,5.1973161049475176e-15
5718.75,4.957707942329721e-14
5750.0,7.179144305692641e-14
5781.25,3.623929369381704e-14
5812.5,1.0700517118934074e-15
5843.75,1.961832775548636e-14
5875.0,5.671127200457657e-14
5906.25,5.057961334439052e-14
5937.5,1.2207470445948794e-14
5968.75,2.779330940977717e-15
6000.0,3.3507394429334635e-14
6031.25,5.142813799107561e-14
6062.5,2.7575835238546063e-14
6093.75,1.1308346236845264e-15
6125.0,1.2778276463111876e-14
6156.25,4.019749502674353e-14
6187.5,3.761956916791452e-14
6218.75,9.905283595321308e-15
6250.0,1.5274330814670394e-15
6281.25,2.3453507872895314e-14
6312.5,3.7873673345466e-14
6343.75,2.1330297764766732e-14
6375.0,1.0993358641226135e-15
6406.25,8.690268363548768e-15
6437.5,2.945319453528239e-14
6468.75,2.867276262404144e-14
6500.0,8.056844025281265e-15
6531.25,8.81679029268871e-16
6562.5,1.7095795867666892e-14
6593.75,2.8768194400511154e-14
6625.0,1.681495410719292e-14
6656.25,1.0050731471775598e-15
6687.5,6.235417106881797e-15
6718.75,2.2417960479761677e-14
6750.0,2.2472983809409035e-14
6781.25,6.596010620636199e-15
6812.5,5.560766735277124e-16
6843.75,1.3071682963603584e-14
6875.0,2.264712065631147e-14
6906.25,1.3562640538741767e-14
6937.5,8.77897729916443e-16
6968.75,4.7781997678425745e-15
7000.0,1.783772992848915e-14
7031.25,1.8204458725941533e-14
7062.5,5.463516921245594e-15
7093.75,4.043343633705087e-16
7125.0,1.0570107431364869e-14
7156.25,1.8592241687542917e-14
7187.5,1.1256462219121804e-14
7218.75,7.412710191846659e-16
7250.0,3.954256861945985e-15
7281.25,1.4943861144325554e-14
7312.5,1.5341657282811493e-14
7343.75,4.611107713412996e-15
7375.0,3.5202712327150375e-16
7406.25,9.107016962405127e-15
7437.5,1.6030286625038528e-14
7468.75,9.68567197087795e-15
7500.0,6.116880044690826e-16
7531.25,3.555097864001745e-15
7562.5,1.3270321082038142e-14
7593.75,1.355390144809122e-14
7625.0,4.003778170053485e-15
7656.25,3.6168459823045803e-16
7687.5,8.398965154120938e-15
7718.75,1.4615579869037414e-14
7750.0,8.71917966304476e-15
7781.25,5.001669337189664e-16
7812.5,3.4643177339848625e-15
7843.75,1.2548794883774941e-14
7875.0,1.2649941323427947e-14
7906.25,3.621843899092371e-15
7937.5,4.144509153877909e-16
7968.75,8.291466902589163e-15
8000.0,1.4163368350495722e-14
